INSERT INTO public.product (id, name, description, short_description, brand, image, unit_price, quantity_per_unit)
VALUES (1, 'Smartphone XYZ', 'Lorem ipsum dolor sit amet, consectetur adipiscing elit.', 'Smartphone XYZ', 'XYZ Brand',
        'image1.jpg', 299.99, 100),
       (2, 'Tablet ABC',
        'Ut wisi enim ad minim veniam, quis nostrud exerci tation ullamcorper suscipit lobortis nisl ut aliquip ex ea commodo consequat.',
        'Tablet ABC', 'ABC Brand', 'image2.jpg', 499.99, 50),
       (3, 'Headphones QRS',
        'Duis autem vel eum iriure dolor in hendrerit in vulputate velit esse molestie consequat, vel illum dolore eu feugiat nulla facilisis at vero eros et accumsan et iusto odio dignissim qui blandit praesent luptatum zzril delenit augue duis dolore te feugait nulla facilisi.',
        'Headphones QRS', 'QRS Brand', 'image3.jpg', 99.99, 200),
       (4, 'Laptop WXY',
        'Nam liber tempor cum soluta nobis eleifend option congue nihil imperdiet doming id quod mazim placerat facer possim assum.',
        'Laptop WXY', 'WXY Brand', 'image4.jpg', 1499.99, 30),
       (5, 'Smartwatch JKL',
        'Lorem ipsum dolor sit amet, consectetuer adipiscing elit, sed diam nonummy nibh euismod tincidunt ut laoreet dolore magna aliquam erat volutpat.',
        'Smartwatch JKL', 'JKL Brand', 'image5.jpg', 249.99, 150),
       (6, 'External Hard Drive MNO',
        'At vero eos et accusam et justo duo dolores et ea rebum. Stet clita kasd gubergren, no sea takimata sanctus est Lorem ipsum dolor sit amet.',
        'External Hard Drive MNO', 'MNO Brand', 'image6.jpg', 99.99, 250),
       (7, 'Monitor PQR',
        'Sed ut perspiciatis unde omnis iste natus error sit voluptatem accusantium doloremque laudantium, totam rem aperiam, eaque ipsa quae ab illo inventore veritatis et quasi architecto beatae vitae dicta sunt explicabo.',
        'Monitor PQR', 'PQR Brand', 'image7.jpg', 199.99, 100),
       (8, 'Mouse STU',
        'Nemo enim ipsam voluptatem quia voluptas sit aspernatur aut odit aut fugit, sed quia consequuntur magni dolores eos qui ratione voluptatem sequi nesciunt.',
        'Mouse STU', 'STU Brand', 'image8.jpg', 29.99, 500),
       (9, 'Keyboard VWX',
        'Neque porro quisquam est, qui dolorem ipsum quia dolor sit amet, consectetur, adipisci velit, sed quia non numquam eius modi tempora incidunt ut labore et dolore magnam aliquam quaerat voluptatem.',
        'Keyboard VWX', 'VWX Brand', 'image9.jpg', 49.99, 300),
       (10, 'Mouse Pad YXZ',
        'Ut enim ad minima veniam, quis nostrum exercitationem ullam corporis suscipit laboriosam, nisi ut aliquid ex ea commodi consequatur? Quis autem vel eum iure reprehenderit qui in ea voluptate velit esse quam nihil molestiae consequatur, vel illum qui dolorem eum fugiat quo voluptas nulla pariatur?',
        'Mouse Pad YXZ', 'YXZ Brand', 'image10.jpg', 9.99, 1000),
       (11, 'Earbuds LMN',
        'At vero eos et accusamus et iusto odio dignissimos ducimus qui blanditiis praesentium voluptatum deleniti atque corrupti quos dolores et quas molestias excepturi sint occaecati cupiditate non provident, similique sunt in culpa qui officia deserunt mollitia animi, id est laborum et dolorum fuga.',
        'Earbuds LMN', 'LMN Brand', 'image11.jpg', 49.99, 200),
       (12, 'Power Bank OPQ',
        'Sed ut perspiciatis unde omnis iste natus error sit voluptatem accusantium doloremque laudantium, totam rem aperiam, eaque ipsa quae ab illo inventore veritatis et quasi architecto beatae vitae dicta sunt explicabo.',
        'Power Bank OPQ', 'OPQ Brand', 'image12.jpg', 79.99, 150),
       (13, 'Smart Speaker RST',
        'Ut enim ad minima veniam, quis nostrum exercitationem ullam corporis suscipit laboriosam, nisi ut aliquid ex ea commodi consequatur? Quis autem vel eum iure reprehenderit qui in ea voluptate velit esse quam nihil molestiae consequatur, vel illum qui dolorem eum fugiat quo voluptas nulla pariatur?',
        'Smart Speaker RST', 'RST Brand', 'image13.jpg', 199.99, 100),
       (14, 'Smart Home Hub UVW',
        'Lorem ipsum dolor sit amet, consectetuer adipiscing elit, sed diam nonummy nibh euismod tincidunt ut laoreet dolore magna aliquam erat volutpat.',
        'Smart Home Hub UVW', 'UVW Brand', 'image14.jpg', 299.99, 50),
       (15, 'Smart Thermostat XYZ',
        'Ut enim ad minima veniam, quis nostrum exercitationem ullam corporis suscipit laboriosam, nisi ut aliquid ex ea commodi consequatur? Quis autem vel eum iure reprehenderit qui in ea voluptate velit esse quam nihil molestiae consequatur, vel illum qui dolorem eum fugiat quo voluptas nulla pariatur?',
        'Smart Thermostat XYZ', 'XYZ Brand', 'image15.jpg', 149.99, 75),
       (16, 'Smart Lock ABC',
        'At vero eos et accusamus et iusto odio dignissimos ducimus qui blanditiis praesentium voluptatum deleniti atque corrupti quos dolores et quas molestias excepturi sint occaecati cupiditate non provident, similique sunt in culpa qui officia deserunt mollitia animi, id est laborum et dolorum fuga.',
        'Smart Lock ABC', 'ABC Brand', 'image16.jpg', 99.99, 100),
       (17, 'Smart Door Lock DEF',
        'Sed ut perspiciatis unde omnis iste natus error sit voluptatem accusantium doloremque laudantium, totam rem aperiam, eaque ipsa quae ab illo inventore veritatis et quasi architecto beatae vitae dicta sunt explicabo.',
        'Smart Door Lock DEF', 'DEF Brand', 'image17.jpg', 129.99, 50),
       (18, 'Smart Security Camera GHI',
        'Neque porro quisquam est, qui dolorem ipsum quia dolor sit amet, consectetur, adipisci velit, sed quia non numquam eius modi tempora incidunt ut labore et dolore magnam aliquam quaerat voluptatem.',
        'Smart Security Camera GHI', 'GHI Brand', 'image18.jpg', 199.99, 30),
       (19, 'Smart Fridge JKL',
        'Ut enim ad minima veniam, quis nostrum exercitationem ullam corporis suscipit laboriosam, nisi ut aliquid ex ea commodi consequatur? Quis autem vel eum iure reprehenderit qui in ea voluptate velit esse quam nihil molestiae consequatur, vel illum qui dolorem eum fugiat quo voluptas nulla pariatur?',
        'Smart Fridge JKL', 'JKL Brand', 'image19.jpg', 499.99, 20),
       (20, 'Smart Washing Machine MNO',
        'Lorem ipsum dolor sit amet, consectetuer adipiscing elit, sed diam nonummy nibh euismod tincidunt ut laoreet dolore magna aliquam erat volutpat.',
        'Smart Washing Machine MNO', 'MNO Brand', 'image20.jpg', 399.99, 10);

INSERT INTO public.category (id, parent_id, title, description, meta_title, meta_description, meta_keywords, slug)
VALUES (1, NULL, 'Electronics', 'Electronics category', 'Electronics', 'Electronics description',
        'electronics, tech, gadgets', 'electronics'),
       (2, 1, 'Smartphones', 'Smartphones category', 'Smartphones', 'Smartphones description',
        'smartphones, mobile, tech', 'smartphones'),
       (3, 1, 'Tablets', 'Tablets category', 'Tablets', 'Tablets description', 'tablets, mobile, tech', 'tablets'),
       (4, 1, 'Computers', 'Computers category', 'Computers', 'Computers description', 'computers, tech, gadgets',
        'computers'),
       (5, 4, 'Laptops', 'Laptops category', 'Laptops', 'Laptops description', 'laptops, computers, tech', 'laptops'),
       (6, 4, 'Desktops', 'Desktops category', 'Desktops', 'Desktops description', 'desktops, computers, tech',
        'desktops'),
       (7, 1, 'Audio', 'Audio category', 'Audio', 'Audio description', 'audio, tech, gadgets', 'audio'),
       (8, 7, 'Headphones', 'Headphones category', 'Headphones', 'Headphones description', 'headphones, audio, tech',
        'headphones'),
       (9, 7, 'Speakers', 'Speakers category', 'Speakers', 'Speakers description', 'speakers, audio, tech', 'speakers'),
       (10, 1, 'Smart Home', 'Smart Home category', 'Smart Home', 'Smart Home description', 'smart home, tech, gadgets',
        'smart-home');

INSERT INTO public.attribute (id, name)
VALUES (1, 'Color'),
       (2, 'Storage'),
       (3, 'Processor'),
       (4, 'Type'),
       (5, 'Brand'),
       (6, 'Size'),
       (7, 'Weight'),
       (8, 'Battery Life'),
       (9, 'Connectivity'),
       (10, 'Sound Quality');

INSERT INTO public.product_category (product_id, category_id)
VALUES (1, 2),
       (2, 3),
       (3, 8),
       (4, 5),
       (5, 8),
       (6, 4),
       (7, 3),
       (8, 8),
       (9, 8),
       (10, 8),
       (11, 8),
       (12, 4),
       (13, 9),
       (14, 10),
       (15, 10),
       (16, 10),
       (17, 10),
       (18, 10),
       (19, 6),
       (20, 5);

INSERT INTO public.product_attribute (id, product_id, attribute_id, value)
VALUES (1, 1, 1, 'Black'),
       (2, 1, 3, 'Snapdragon'),
       (3, 2, 4, 'Tablet'),
       (4, 2, 1, 'White'),
       (5, 3, 8, '20 hours'),
       (6, 3, 9, 'Bluetooth'),
       (7, 4, 2, '128GB'),
       (8, 4, 6, '15.6 inches'),
       (9, 4, 7, '2.3 kg'),
       (10, 5, 8, '10 hours'),
       (11, 5, 9, 'Wi-Fi'),
       (12, 6, 2, '64GB'),
       (13, 6, 6, '12.2 inches'),
       (14, 6, 7, '1.5 kg'),
       (15, 7, 4, 'Monitor'),
       (16, 7, 6, '23.8 inches'),
       (17, 7, 7, '1.2 kg'),
       (18, 8, 8, '10 hours'),
       (19, 8, 9, 'Bluetooth'),
       (20, 9, 8, '15 hours'),
       (21, 9, 9, 'Bluetooth'),
       (22, 10, 8, '12 hours'),
       (23, 10, 9, 'Wi-Fi'),
       (24, 11, 8, '10 hours'),
       (25, 11, 9, 'Bluetooth'),
       (26, 12, 2, '10000mAh'),
       (27, 13, 10, 'High'),
       (28, 14, 5, 'XYZ Brand'),
       (29, 15, 5, 'XYZ Brand'),
       (30, 16, 5, 'XYZ Brand'),
       (31, 17, 5, 'XYZ Brand'),
       (32, 18, 5, 'XYZ Brand'),
       (33, 19, 2, '500GB'),
       (34, 19, 6, '14 inches'),
       (35, 19, 7, '2.1 kg'),
       (36, 20, 2, '256GB'),
       (37, 20, 6, '15.6 inches'),
       (38, 20, 7, '2.3 kg');

INSERT INTO public.user (username, password, email, role, user_details_id)
VALUES ('user1', '$2a$10$dXJ3SW6G7P50lGmMkknnYO.2KLEkBcIh4J74E4VyawoG9.UnUohN6', 'user1@example.com', 'USER', 1);

INSERT INTO public.user_details (id, first_name, last_name, address, phone_number)
VALUES (1, 'John', 'Doe', '123 Main St', '123-456-7890');

INSERT INTO public.order (id, user_id, total_amount, status, payment_status, payment_method, shipping_address,
                          shipping_method, order_date, delivery_date)
VALUES (1, 2, 1000, 'In-progress', 'Waiting for payment', 'credit card', 'address', 'courier', '2022-01-01', null);

INSERT INTO public.order_item (order_id, product_id, price, discount, created_at, updated_at)
VALUES (1, 1, 100.00, 0.00, '2023-01-01', '2023-01-01'),
       (1, 2, 50.00, 10.00, '2023-01-01', '2023-01-01'),
       (1, 3, 25.00, 5.00, '2023-01-01', '2023-01-01');
