INSERT INTO public.product (id, name, description, short_description, brand, image, unit_price, quantity_per_unit,
                            is_available)

-- Podkategoria "Laptopy/Notebooki/Ultrabooki"

VALUES (1, 'Laptop ASUS ROG Strix G15',
        'Laptop ASUS ROG Strix G15 z procesorem Intel Core i7-11800H, kartą graficzną NVIDIA GeForce RTX 3060, 16 GB RAM i 512 GB SSD.',
        'Laptop ASUS ROG Strix G15', 'ASUS', 'image1.jpg', 5699.00, 1, true),
       (2, 'Laptop Lenovo Legion 5 Pro',
        'Laptop Lenovo Legion 5 Pro z procesorem AMD Ryzen 7 5800H, kartą graficzną NVIDIA GeForce RTX 3070, 16 GB RAM i 1 TB SSD.',
        'Laptop Lenovo Legion 5 Pro', 'Lenovo', 'image2.jpg', 6899.00, 1, true),
       (3, 'Laptop HP Omen 15',
        'Laptop HP Omen 15 z procesorem Intel Core i5-11400H, kartą graficzną NVIDIA GeForce GTX 1650, 8 GB RAM i 256 GB SSD.',
        'Laptop HP Omen 15', 'HP', 'image3.jpg', 3999.00, 1, true),
       (4, 'Laptop Dell XPS 13',
        'Laptop Dell XPS 13 z procesorem Intel Core i7-1165G7, zintegrowaną kartą graficzną Intel Iris Xe, 16 GB RAM i 512 GB SSD.',
        'Laptop Dell XPS 13', 'Dell', 'image4.jpg', 7499.00, 1, true),
       (5, 'Laptop Apple MacBook Air',
        'Laptop Apple MacBook Air z procesorem M1, zintegrowaną kartą graficzną Apple GPU, 8 GB RAM i 256 GB SSD.',
        'Laptop Apple MacBook Air', 'Apple', 'image5.jpg', 8999.00, 1, true),
       (6, 'Laptop MSI GE66 Raider',
        'Laptop MSI GE66 Raider z procesorem Intel Core i9-11980HK, kartą graficzną NVIDIA GeForce RTX 3080, 32 GB RAM i 1 TB SSD.',
        'Laptop MSI GE66 Raider', 'MSI', 'image6.jpg', 9999.00, 1, true),
       (7, 'Laptop Acer Predator Helios 300',
        'Laptop Acer Predator Helios 300 z procesorem Intel Core i7-11800H, kartą graficzną NVIDIA GeForce RTX 3060, 16 GB RAM i 512 GB SSD.',
        'Laptop Acer Predator Helios 300', 'Acer', 'image7.jpg', 5799.00, 1, true),
       (8, 'Laptop Razer Blade 15',
        'Laptop Razer Blade 15 z procesorem Intel Core i7-11800H, kartą graficzną NVIDIA GeForce RTX 3070, 16 GB RAM i 1 TB SSD.',
        'Laptop Razer Blade 15', 'Razer', 'image8.jpg', 7499.00, 1, true),
       (9, 'Laptop Gigabyte Aorus 15G',
        'Laptop Gigabyte Aorus 15G z procesorem Intel Core i7-11800H, kartą graficzną NVIDIA GeForce RTX 3080, 32 GB RAM i 1 TB SSD.',
        'Laptop Gigabyte Aorus 15G', 'Gigabyte', 'image9.jpg', 8999.00, 1, true),
       (10, 'Laptop Alienware m15 R6',
        'Laptop Alienware m15 R6 z procesorem Intel Core i7-11800H, kartą graficzną NVIDIA GeForce RTX 3070, 16 GB RAM i 512 GB SSD.',
        'Laptop Alienware m15 R6', 'Alienware', 'image10.jpg', 7999.00, 1, true),
       (11, 'Laptop ASUS ZenBook Duo 14',
        'Laptop ASUS ZenBook Duo 14 z procesorem Intel Core i7-1165G7, kartą graficzną NVIDIA GeForce MX450, 16 GB RAM i 1 TB SSD.',
        'Laptop ASUS ZenBook Duo 14', 'ASUS', 'image11.jpg', 6999.00, 1, true),
       (12, 'Laptop Lenovo ThinkPad X1 Carbon',
        'Laptop Lenovo ThinkPad X1 Carbon z procesorem Intel Core i7-1165G7, zintegrowaną kartą graficzną Intel Iris Xe, 16 GB RAM i 512 GB SSD.',
        'Laptop Lenovo ThinkPad X1 Carbon', 'Lenovo', 'image12.jpg', 8999.00, 1, true),
       (13, 'Laptop HP Spectre x360',
        'Laptop HP Spectre x360 z procesorem Intel Core i7-1165G7, zintegrowaną kartą graficzną Intel Iris Xe, 16 GB RAM i 512 GB SSD.',
        'Laptop HP Spectre x360', 'HP', 'image13.jpg', 7999.00, 1, true),
       (14, 'Laptop Dell Inspiron 15',
        'Laptop Dell Inspiron 15 z procesorem Intel Core i5-1135G7, zintegrowaną kartą graficzną Intel Iris Xe, 8 GB RAM i 256 GB SSD.',
        'Laptop Dell Inspiron 15', 'Dell', 'image14.jpg', 4999.00, 1, true),
       (15, 'Laptop Apple MacBook Pro 13',
        'Laptop Apple MacBook Pro 13 z procesorem M1, zintegrowaną kartą graficzną Apple GPU, 16 GB RAM i 512 GB SSD.',
        'Laptop Apple MacBook Pro 13', 'Apple', 'image15.jpg', 10999.00, 1, true),
       (16, 'Laptop MSI Prestige 14',
        'Laptop MSI Prestige 14 z procesorem Intel Core i7-1185G7, kartą graficzną NVIDIA GeForce GTX 1650, 16 GB RAM i 1 TB SSD.',
        'Laptop MSI Prestige 14', 'MSI', 'image16.jpg', 7999.00, 1, true),
       (17, 'Laptop Acer Swift 5',
        'Laptop Acer Swift 5 z procesorem Intel Core i5-1135G7, zintegrowaną kartą graficzną Intel Iris Xe, 16 GB RAM i 512 GB SSD.',
        'Laptop Acer Swift 5', 'Acer', 'image17.jpg', 5999.00, 1, true),
       (18, 'Laptop Razer Blade Stealth 13',
        'Laptop Razer Blade Stealth 13 z procesorem Intel Core i7-1165G7, kartą graficzną NVIDIA GeForce GTX 1650, 16 GB RAM i 512 GB SSD.',
        'Laptop Razer Blade Stealth 13', 'Razer', 'image18.jpg', 8499.00, 1, true),
       (19, 'Laptop Gigabyte Aero 15 OLED',
        'Laptop Gigabyte Aero 15 OLED z procesorem Intel Core i7-11800H, kartą graficzną NVIDIA GeForce RTX 3060, 16 GB RAM i 512 GB SSD.',
        'Laptop Gigabyte Aero 15 OLED', 'Gigabyte', 'image19.jpg', 7799.00, 1, true),
       (20, 'Laptop Alienware Area-51m',
        'Laptop Alienware Area-51m z procesorem Intel Core i9-11900H, kartą graficzną NVIDIA GeForce RTX 3080, 32 GB RAM i 1 TB SSD.',
        'Laptop Alienware Area-51m', 'Alienware', 'image20.jpg', 12999.00, 1, true),

       -- Podkategoria "Laptopy 2w1"

       (21, 'Microsoft Surface Pro 7+',
        'Microsoft Surface Pro 7+ z procesorem Intel Core i5-1135G7, zintegrowaną kartą graficzną Intel Iris Xe, 8 GB RAM i 128 GB SSD.',
        'Microsoft Surface Pro 7+', 'Microsoft', 'image21.jpg', 6999.00, 1, true),
       (22, 'Lenovo Yoga 9i',
        'Lenovo Yoga 9i z procesorem Intel Core i7-1185G7, zintegrowaną kartą graficzną Intel Iris Xe, 16 GB RAM i 512 GB SSD.',
        'Lenovo Yoga 9i', 'Lenovo', 'image22.jpg', 7999.00, 1, true),
       (23, 'HP Spectre x360',
        'HP Spectre x360 z procesorem Intel Core i7-1165G7, zintegrowaną kartą graficzną Intel Iris Xe, 16 GB RAM i 512 GB SSD.',
        'HP Spectre x360', 'HP', 'image23.jpg', 8499.00, 1, true),
       (24, 'Dell Inspiron 14 2-in-1',
        'Dell Inspiron 14 2-in-1 z procesorem Intel Core i5-1135G7, zintegrowaną kartą graficzną Intel Iris Xe, 8 GB RAM i 256 GB SSD.',
        'Dell Inspiron 14 2-in-1', 'Dell', 'image24.jpg', 5999.00, 1, true),
       (25, 'ASUS ZenBook Flip 13',
        'ASUS ZenBook Flip 13 z procesorem Intel Core i7-1165G7, zintegrowaną kartą graficzną Intel Iris Xe, 16 GB RAM i 512 GB SSD.',
        'ASUS ZenBook Flip 13', 'ASUS', 'image25.jpg', 7499.00, 1, true),
       (26, 'Acer Spin 5',
        'Acer Spin 5 z procesorem Intel Core i5-1135G7, zintegrowaną kartą graficzną Intel Iris Xe, 8 GB RAM i 512 GB SSD.',
        'Acer Spin 5', 'Acer', 'image26.jpg', 5799.00, 1, true),
       (27, 'HP Pavilion x360',
        'HP Pavilion x360 z procesorem Intel Core i3-1115G4, zintegrowaną kartą graficzną Intel UHD Graphics, 8 GB RAM i 256 GB SSD.',
        'HP Pavilion x360', 'HP', 'image27.jpg', 4999.00, 1, true),
       (28, 'Lenovo ThinkPad X1 Yoga',
        'Lenovo ThinkPad X1 Yoga z procesorem Intel Core i7-1165G7, zintegrowaną kartą graficzną Intel Iris Xe, 16 GB RAM i 1 TB SSD.',
        'Lenovo ThinkPad X1 Yoga', 'Lenovo', 'image28.jpg', 8999.00, 1, true),
       (29, 'Dell XPS 13 2-in-1',
        'Dell XPS 13 2-in-1 z procesorem Intel Core i7-1165G7, zintegrowaną kartą graficzną Intel Iris Xe, 16 GB RAM i 512 GB SSD.',
        'Dell XPS 13 2-in-1', 'Dell', 'image29.jpg', 9999.00, 1, true),
       (30, 'ASUS VivoBook Flip 14',
        'ASUS VivoBook Flip 14 z procesorem AMD Ryzen 5 5500U, zintegrowaną kartą graficzną AMD Radeon, 8 GB RAM i 256 GB SSD.',
        'ASUS VivoBook Flip 14', 'ASUS', 'image30.jpg', 4499.00, 1, true),
       (31, 'Microsoft Surface Book 3',
        'Microsoft Surface Book 3 z procesorem Intel Core i7-1065G7, kartą graficzną NVIDIA GeForce GTX 1650, 32 GB RAM i 512 GB SSD.',
        'Microsoft Surface Book 3', 'Microsoft', 'image31.jpg', 10999.00, 1, true),
       (32, 'Lenovo Yoga 7i',
        'Lenovo Yoga 7i z procesorem Intel Core i5-1135G7, zintegrowaną kartą graficzną Intel Iris Xe, 16 GB RAM i 512 GB SSD.',
        'Lenovo Yoga 7i', 'Lenovo', 'image32.jpg', 6599.00, 1, true),
       (33, 'HP Envy x360',
        'HP Envy x360 z procesorem AMD Ryzen 7 5700U, zintegrowaną kartą graficzną AMD Radeon, 16 GB RAM i 512 GB SSD.',
        'HP Envy x360', 'HP', 'image33.jpg', 7499.00, 1, true),
       (34, 'Dell Latitude 7320',
        'Dell Latitude 7320 z procesorem Intel Core i5-1135G7, zintegrowaną kartą graficzną Intel Iris Xe, 16 GB RAM i 256 GB SSD.',
        'Dell Latitude 7320', 'Dell', 'image34.jpg', 7699.00, 1, true),
       (35, 'ASUS Chromebook Flip',
        'ASUS Chromebook Flip z procesorem Intel Core m3-8100Y, zintegrowaną kartą graficzną Intel HD Graphics, 4 GB RAM i 64 GB eMMC.',
        'ASUS Chromebook Flip', 'ASUS', 'image35.jpg', 2999.00, 1, true),
       (36, 'Acer TravelMate Spin P4',
        'Acer TravelMate Spin P4 z procesorem Intel Core i7-1165G7, zintegrowaną kartą graficzną Intel Iris Xe, 16 GB RAM i 512 GB SSD.',
        'Acer TravelMate Spin P4', 'Acer', 'image36.jpg', 8799.00, 1, true),
       (37, 'HP Elite Dragonfly',
        'HP Elite Dragonfly z procesorem Intel Core i5-1135G7, zintegrowaną kartą graficzną Intel Iris Xe, 16 GB RAM i 512 GB SSD.',
        'HP Elite Dragonfly', 'HP', 'image37.jpg', 9299.00, 1, true),
       (38, 'Lenovo IdeaPad Flex 5',
        'Lenovo IdeaPad Flex 5 z procesorem AMD Ryzen 7 5700U, zintegrowaną kartą graficzną AMD Radeon, 16 GB RAM i 512 GB SSD.',
        'Lenovo IdeaPad Flex 5', 'Lenovo', 'image38.jpg', 5499.00, 1, true),
       (39, 'Dell Inspiron 13 7000',
        'Dell Inspiron 13 7000 z procesorem Intel Core i5-1135G7, zintegrowaną kartą graficzną Intel Iris Xe, 8 GB RAM i 512 GB SSD.',
        'Dell Inspiron 13 7000', 'Dell', 'image39.jpg', 6299.00, 1, true),
       (40, 'ASUS VivoBook Flip 15',
        'ASUS VivoBook Flip 15 z procesorem Intel Core i5-1135G7, zintegrowaną kartą graficzną Intel Iris Xe, 8 GB RAM i 512 GB SSD.',
        'ASUS VivoBook Flip 15', 'ASUS', 'image40.jpg', 6999.00, 1, true),

       -- Podkategoria "Programy"

       (41, 'Microsoft Office 365 Personal PL',
        'Microsoft Office 365 Personal PL - subskrypcja na 1 rok, przeznaczona dla 1 użytkownika, zawiera Word, Excel, PowerPoint, Outlook, OneNote, Publisher, Access.',
        'Microsoft Office 365 Personal PL', 'Microsoft', 'image41.jpg', 299.00, 1, true),
       (42, 'Kaspersky Internet Security 2024 PL 1 stanowisko 1 rok',
        'Kaspersky Internet Security 2024 PL - ochrona przed wirusami, ransomware, phishingiem i innymi zagrożeniami internetowymi, na 1 stanowisko, na 1 rok.',
        'Kaspersky Internet Security 2024 PL', 'Kaspersky', 'image42.jpg', 119.00, 1, true),
       (43, 'Adobe Acrobat Standard DC 2022 PL',
        'Adobe Acrobat Standard DC 2022 PL - program do tworzenia, edycji, podpisywania i zabezpieczania plików PDF, dostępny na 1 stanowisko, bezterminowo.',
        'Adobe Acrobat Standard DC 2022 PL', 'Adobe', 'image43.jpg', 999.00, 1, true),
       (44, 'CorelDRAW Graphics Suite 2022 PL',
        'CorelDRAW Graphics Suite 2022 PL - kompleksowe oprogramowanie do projektowania grafiki wektorowej i edycji zdjęć, dostępne na 1 stanowisko, bezterminowo.',
        'CorelDRAW Graphics Suite 2022 PL', 'Corel', 'image44.jpg', 1599.00, 1, true),
       (45, 'Norton 360 Premium PL 10 urządzeń 1 rok',
        'Norton 360 Premium PL - kompleksowa ochrona komputerów PC, Mac, smartfonów i tabletów przed wirusami, ransomware, phishingiem i innymi zagrożeniami internetowymi, na 10 urządzeń, na 1 rok.',
        'Norton 360 Premium PL', 'Norton', 'image45.jpg', 299.00, 1, true),
       (46, 'Microsoft Windows 11 Pro PL',
        'Microsoft Windows 11 Pro PL - system operacyjny dla profesjonalistów i firm, dostępny na 1 stanowisko, bezterminowo.',
        'Microsoft Windows 11 Pro PL', 'Microsoft', 'image46.jpg', 999.00, 1, true),
       (47, 'ESET Internet Security 2023 PL 3 stanowiska 1 rok',
        'ESET Internet Security 2023 PL - ochrona komputerów przed wirusami, phishingiem i innymi zagrożeniami internetowymi, na 3 stanowiska, na 1 rok.',
        'ESET Internet Security 2023 PL', 'ESET', 'image47.jpg', 159.00, 1, true),
       (48, 'Adobe Photoshop Elements 2022 PL',
        'Adobe Photoshop Elements 2022 PL - program do edycji i retuszu zdjęć dla hobbystów i amatorów fotografii, dostępny na 1 stanowisko, bezterminowo.',
        'Adobe Photoshop Elements 2022 PL', 'Adobe', 'image48.jpg', 449.00, 1, true),
       (49, 'McAfee Total Protection 2023 PL 5 urządzeń 1 rok',
        'McAfee Total Protection 2023 PL - ochrona komputerów PC, Mac, smartfonów i tabletów przed wirusami, ransomware, phishingiem i innymi zagrożeniami internetowymi, na 5 urządzeń, na 1 rok.',
        'McAfee Total Protection 2023 PL', 'McAfee', 'image49.jpg', 179.00, 1, true),
       (50, 'SketchUp Studio 2022 PL',
        'SketchUp Studio 2022 PL - oprogramowanie do projektowania 3D, zawiera SketchUp Pro, LayOut, Style Builder, SketchUp Viewer, dostępne na 1 stanowisko, bezterminowo.',
        'SketchUp Studio 2022 PL', 'SketchUp', 'image50.jpg', 2999.00, 1, true),
       (51, 'Bitdefender Antivirus Plus 2023 PL 3 stanowiska 1 rok',
        'Bitdefender Antivirus Plus 2023 PL - ochrona komputerów przed wirusami, ransomware, phishingiem i innymi zagrożeniami internetowymi, na 3 stanowiska, na 1 rok.',
        'Bitdefender Antivirus Plus 2023 PL', 'Bitdefender', 'image51.jpg', 149.00, 1, true),
       (52, 'Autodesk AutoCAD 2023 PL',
        'Autodesk AutoCAD 2023 PL - profesjonalne oprogramowanie do projektowania i rysowania technicznego 2D i 3D, dostępne na 1 stanowisko, bezterminowo.',
        'Autodesk AutoCAD 2023 PL', 'Autodesk', 'image52.jpg', 8999.00, 1, true),
       (53, 'AVG Internet Security Unlimited 2023 PL 1 rok',
        'AVG Internet Security Unlimited 2023 PL - ochrona komputerów przed wirusami, ransomware, phishingiem i innymi zagrożeniami internetowymi, nieograniczona liczba urządzeń, na 1 rok.',
        'AVG Internet Security Unlimited 2023 PL', 'AVG', 'image53.jpg', 129.00, 1, true),
       (54, 'Corel PaintShop Pro 2023 PL',
        'Corel PaintShop Pro 2023 PL - program do edycji zdjęć i projektowania grafiki, dostępny na 1 stanowisko, bezterminowo.',
        'Corel PaintShop Pro 2023 PL', 'Corel', 'image54.jpg', 499.00, 1, true),
       (55, 'Panda Dome Premium 2023 PL 10 urządzeń 1 rok',
        'Panda Dome Premium 2023 PL - ochrona komputerów PC, Mac, smartfonów i tabletów przed wirusami, ransomware, phishingiem i innymi zagrożeniami internetowymi, na 10 urządzeń, na 1 rok.',
        'Panda Dome Premium 2023 PL', 'Panda', 'image55.jpg', 399.00, 1, true),
       (56, 'Sony Vegas Pro 19 PL',
        'Sony Vegas Pro 19 PL - profesjonalny program do edycji wideo, dostępny na 1 stanowisko, bezterminowo.',
        'Sony Vegas Pro 19 PL', 'Sony', 'image56.jpg', 2399.00, 1, true),
       (57, 'McAfee Internet Security 2023 PL 3 stanowiska 1 rok',
        'McAfee Internet Security 2023 PL - ochrona komputerów przed wirusami, ransomware, phishingiem i innymi zagrożeniami internetowymi, na 3 stanowiska, na 1 rok.',
        'McAfee Internet Security 2023 PL', 'McAfee', 'image57.jpg', 139.00, 1, true),
       (58, 'Corel VideoStudio Ultimate 2023 PL',
        'Corel VideoStudio Ultimate 2023 PL - oprogramowanie do edycji wideo dla hobbystów i profesjonalistów, dostępne na 1 stanowisko, bezterminowo.',
        'Corel VideoStudio Ultimate 2023 PL', 'Corel', 'image58.jpg', 599.00, 1, true),
       (59, 'Bitdefender Total Security 2023 PL 5 urządzeń 1 rok',
        'Bitdefender Total Security 2023 PL - ochrona komputerów PC, Mac, smartfonów i tabletów przed wirusami, ransomware, phishingiem i innymi zagrożeniami internetowymi, na 5 urządzeń, na 1 rok.',
        'Bitdefender Total Security 2023 PL', 'Bitdefender', 'image59.jpg', 199.00, 1, true),
       (60, 'Acronis True Image 2023 PL 5 urządzeń 1 rok',
        'Acronis True Image 2023 PL - program do tworzenia kopii zapasowych danych i ochrony przed utratą plików, na 5 urządzeń, na 1 rok.',
        'Acronis True Image 2023 PL', 'Acronis', 'image60.jpg', 299.00, 1, true),

       -- Podkategoria "Tablet"

       (61, 'Apple iPad Pro 12.9" 5. generacji',
        'Apple iPad Pro 12.9" 5. generacji z wyświetlaczem Liquid Retina XDR, chipem M1, 128 GB pamięci wewnętrznej, Wi-Fi, srebrny.',
        'Apple iPad Pro 12.9" 5. generacji', 'Apple', 'image61.jpg', 4999.00, 1, true),
       (62, 'Samsung Galaxy Tab S7+',
        'Samsung Galaxy Tab S7+ z wyświetlaczem Super AMOLED 12.4", procesorem Snapdragon 865+, 128 GB pamięci wewnętrznej, Wi-Fi, srebrny.',
        'Samsung Galaxy Tab S7+', 'Samsung', 'image62.jpg', 4499.00, 1, true),
       (63, 'Microsoft Surface Pro 8',
        'Microsoft Surface Pro 8 z procesorem Intel Core i5, 8 GB RAM, 128 GB SSD, dotykowy ekran PixelSense 13", Windows 11 Home.',
        'Microsoft Surface Pro 8', 'Microsoft', 'image63.jpg', 6499.00, 1, true),
       (64, 'Lenovo Tab P11 Pro',
        'Lenovo Tab P11 Pro z procesorem Qualcomm Snapdragon 730G, 6 GB RAM, 128 GB pamięci wewnętrznej, 11.5" OLED 2K, LTE, szary.',
        'Lenovo Tab P11 Pro', 'Lenovo', 'image64.jpg', 2999.00, 1, true),
       (65, 'Huawei MatePad Pro',
        'Huawei MatePad Pro z procesorem Kirin 990, 6 GB RAM, 128 GB pamięci wewnętrznej, 10.8" OLED 2K, LTE, szary.',
        'Huawei MatePad Pro', 'Huawei', 'image65.jpg', 3499.00, 1, true),
       (66, 'Amazon Kindle Paperwhite 11. generacji',
        'Amazon Kindle Paperwhite 11. generacji z wyświetlaczem E Ink Carta 6", 8 GB pamięci wewnętrznej, Wi-Fi, wodoodporny, czarny.',
        'Amazon Kindle Paperwhite 11. generacji', 'Amazon', 'image66.jpg', 799.00, 1, true),
       (67, 'Xiaomi Mi Pad 5',
        'Xiaomi Mi Pad 5 z procesorem Qualcomm Snapdragon 860, 6 GB RAM, 128 GB pamięci wewnętrznej, 11" LCD 2K, Wi-Fi, szary.',
        'Xiaomi Mi Pad 5', 'Xiaomi', 'image67.jpg', 1999.00, 1, true),
       (68, 'ASUS ZenPad 3S 10',
        'ASUS ZenPad 3S 10 z procesorem MediaTek MT8176, 4 GB RAM, 64 GB pamięci wewnętrznej, 9.7" IPS QXGA, Wi-Fi, szary.',
        'ASUS ZenPad 3S 10', 'ASUS', 'image68.jpg', 1499.00, 1, true),
       (69, 'Teclast T30',
        'Teclast T30 z procesorem MediaTek Helio P70, 4 GB RAM, 64 GB pamięci wewnętrznej, 10.1" Full HD IPS, LTE, czarny.',
        'Teclast T30', 'Teclast', 'image69.jpg', 899.00, 1, true),
       (70, 'Samsung Galaxy Tab A7 Lite',
        'Samsung Galaxy Tab A7 Lite z procesorem MediaTek MT8768T, 3 GB RAM, 32 GB pamięci wewnętrznej, 8.7" IPS WUXGA+, Wi-Fi, srebrny.',
        'Samsung Galaxy Tab A7 Lite', 'Samsung', 'image70.jpg', 999.00, 1, true),
       (71, 'Apple iPad mini 6',
        'Apple iPad mini 6 z procesorem Apple A15 Bionic, 8.3" Liquid Retina, 64 GB pamięci wewnętrznej, Wi-Fi, różowy.',
        'Apple iPad mini 6', 'Apple', 'image71.jpg', 2999.00, 1, true),
       (72, 'Huawei MatePad 11',
        'Huawei MatePad 11 z procesorem Qualcomm Snapdragon 865, 6 GB RAM, 64 GB pamięci wewnętrznej, 10.95" IPS 2K, Wi-Fi, szary.',
        'Huawei MatePad 11', 'Huawei', 'image72.jpg', 2499.00, 1, true),
       (73, 'Lenovo Tab M10 HD Gen 2',
        'Lenovo Tab M10 HD Gen 2 z procesorem MediaTek Helio P22T, 4 GB RAM, 64 GB pamięci wewnętrznej, 10.1" HD IPS, LTE, czarny.',
        'Lenovo Tab M10 HD Gen 2', 'Lenovo', 'image73.jpg', 1199.00, 1, true),
       (74, 'Microsoft Surface Go 3',
        'Microsoft Surface Go 3 z procesorem Intel Pentium Gold, 8 GB RAM, 128 GB SSD, 10.5" PixelSense, Windows 11 Home.',
        'Microsoft Surface Go 3', 'Microsoft', 'image74.jpg', 2999.00, 1, true),
       (75, 'Xiaomi Pad 5 Pro',
        'Xiaomi Pad 5 Pro z procesorem Qualcomm Snapdragon 870, 8 GB RAM, 256 GB pamięci wewnętrznej, 11" LCD 2.5K, Wi-Fi, szary.',
        'Xiaomi Pad 5 Pro', 'Xiaomi', 'image75.jpg', 2499.00, 1, true),
       (76, 'Teclast P20HD',
        'Teclast P20HD z procesorem UNISOC SC9863A, 4 GB RAM, 64 GB pamięci wewnętrznej, 10.1" Full HD IPS, LTE, czarny.',
        'Teclast P20HD', 'Teclast', 'image76.jpg', 699.00, 1, true),
       (77, 'Samsung Galaxy Tab S6 Lite',
        'Samsung Galaxy Tab S6 Lite z procesorem Exynos 9611, 4 GB RAM, 64 GB pamięci wewnętrznej, 10.4" TFT WUXGA+, LTE, niebieski.',
        'Samsung Galaxy Tab S6 Lite', 'Samsung', 'image77.jpg', 1799.00, 1, true),
       (78, 'ASUS Transformer Pad TF103C',
        'ASUS Transformer Pad TF103C z procesorem Intel Atom Z3745, 1 GB RAM, 16 GB pamięci wewnętrznej, 10.1" IPS WXGA, Wi-Fi, biały.',
        'ASUS Transformer Pad TF103C', 'ASUS', 'image78.jpg', 699.00, 1, true),
       (79, 'Amazon Fire HD 10',
        'Amazon Fire HD 10 z procesorem MediaTek MT8183, 3 GB RAM, 32 GB pamięci wewnętrznej, 10.1" Full HD IPS, Wi-Fi, czarny.',
        'Amazon Fire HD 10', 'Amazon', 'image79.jpg', 699.00, 1, true),
       (80, 'Lenovo Tab M8 HD Gen 2',
        'Lenovo Tab M8 HD Gen 2 z procesorem MediaTek Helio A22, 2 GB RAM, 32 GB pamięci wewnętrznej, 8" HD IPS, LTE, szary.',
        'Lenovo Tab M8 HD Gen 2', 'Lenovo', 'image80.jpg', 699.00, 1, true),

       -- Podkategoria "Smartphones"

       (81, 'Apple iPhone 13 Pro',
        'Apple iPhone 13 Pro z 6.1" Super Retina XDR OLED, chipem A15 Bionic, 128 GB pamięci wewnętrznej, iOS 15, zielony.',
        'Apple iPhone 13 Pro', 'Apple', 'image81.jpg', 5799.00, 1, true),
       (82, 'Samsung Galaxy S21 Ultra 5G',
        'Samsung Galaxy S21 Ultra 5G z 6.8" Dynamic AMOLED 2X, procesorem Exynos 2100, 128 GB pamięci wewnętrznej, Android 11, czarny.',
        'Samsung Galaxy S21 Ultra 5G', 'Samsung', 'image82.jpg', 5199.00, 1, true),
       (83, 'Xiaomi Mi 11',
        'Xiaomi Mi 11 z 6.81" AMOLED 2K, procesorem Qualcomm Snapdragon 888, 256 GB pamięci wewnętrznej, Android 11, niebieski.',
        'Xiaomi Mi 11', 'Xiaomi', 'image83.jpg', 3299.00, 1, true),
       (84, 'Google Pixel 6 Pro',
        'Google Pixel 6 Pro z 6.7" OLED, chipem Google Tensor, 128 GB pamięci wewnętrznej, Android 12, czarny.',
        'Google Pixel 6 Pro', 'Google', 'image84.jpg', 4599.00, 1, true),
       (85, 'OnePlus 9 Pro',
        'OnePlus 9 Pro z 6.7" Fluid AMOLED, procesorem Qualcomm Snapdragon 888, 256 GB pamięci wewnętrznej, Android 11, niebieski.',
        'OnePlus 9 Pro', 'OnePlus', 'image85.jpg', 3799.00, 1, true),
       (86, 'Sony Xperia 1 III',
        'Sony Xperia 1 III z 6.5" OLED 4K HDR, chipem Qualcomm Snapdragon 888, 256 GB pamięci wewnętrznej, Android 11, czarny.',
        'Sony Xperia 1 III', 'Sony', 'image86.jpg', 4999.00, 1, true),
       (87, 'Realme GT 2 Pro',
        'Realme GT 2 Pro z 6.7" Super AMOLED, procesorem Qualcomm Snapdragon 8 Gen 1, 256 GB pamięci wewnętrznej, Android 12, biały.',
        'Realme GT 2 Pro', 'Realme', 'image87.jpg', 2599.00, 1, true),
       (88, 'Motorola Edge 20 Pro',
        'Motorola Edge 20 Pro z 6.7" OLED, procesorem Qualcomm Snapdragon 870, 256 GB pamięci wewnętrznej, Android 11, szary.',
        'Motorola Edge 20 Pro', 'Motorola', 'image88.jpg', 2999.00, 1, true),
       (89, 'Nokia X20',
        'Nokia X20 z 6.67" IPS, procesorem Qualcomm Snapdragon 480, 128 GB pamięci wewnętrznej, Android 11, niebieski.',
        'Nokia X20', 'Nokia', 'image89.jpg', 1499.00, 1, true),
       (90, 'Asus ROG Phone 5',
        'Asus ROG Phone 5 z 6.78" AMOLED, procesorem Qualcomm Snapdragon 888, 256 GB pamięci wewnętrznej, Android 11, czarny.',
        'Asus ROG Phone 5', 'Asus', 'image90.jpg', 3999.00, 1, true),
       (91, 'LG Wing',
        'LG Wing z 6.8" OLED, procesorem Qualcomm Snapdragon 765G, 128 GB pamięci wewnętrznej, Android 10, czarny.',
        'LG Wing', 'LG', 'image91.jpg', 2999.00, 1, true),
       (92, 'ZTE Axon 30 Ultra 5G',
        'ZTE Axon 30 Ultra 5G z 6.67" AMOLED, procesorem Qualcomm Snapdragon 888, 256 GB pamięci wewnętrznej, Android 11, czarny.',
        'ZTE Axon 30 Ultra 5G', 'ZTE', 'image92.jpg', 3499.00, 1, true),
       (93, 'BlackBerry Key2',
        'BlackBerry Key2 z 4.5" IPS LCD, procesorem Qualcomm Snapdragon 660, 64 GB pamięci wewnętrznej, Android 8.1, czarny.',
        'BlackBerry Key2', 'BlackBerry', 'image93.jpg', 1499.00, 1, true),
       (94, 'HTC U20 5G',
        'HTC U20 5G z 6.8" IPS LCD, procesorem Qualcomm Snapdragon 765G, 256 GB pamięci wewnętrznej, Android 10, niebieski.',
        'HTC U20 5G', 'HTC', 'image94.jpg', 1999.00, 1, true),
       (95, 'Lenovo Legion Phone Duel 2',
        'Lenovo Legion Phone Duel 2 z 6.92" AMOLED, procesorem Qualcomm Snapdragon 888, 512 GB pamięci wewnętrznej, Android 11, czarny.',
        'Lenovo Legion Phone Duel 2', 'Lenovo', 'image95.jpg', 4599.00, 1, true),
       (96, 'Xiaomi Redmi Note 11 Pro+',
        'Xiaomi Redmi Note 11 Pro+ z 6.67" AMOLED, procesorem Qualcomm Snapdragon 695, 256 GB pamięci wewnętrznej, Android 12, szary.',
        'Xiaomi Redmi Note 11 Pro+', 'Xiaomi', 'image96.jpg', 1999.00, 1, true),
       (97, 'Oppo Find X5 Pro',
        'Oppo Find X5 Pro z 6.7" AMOLED, procesorem Qualcomm Snapdragon 8 Gen 1, 512 GB pamięci wewnętrznej, Android 12, biały.',
        'Oppo Find X5 Pro', 'Oppo', 'image97.jpg', 5299.00, 1, true),
       (98, 'Vivo X70 Pro+',
        'Vivo X70 Pro+ z 6.78" AMOLED, procesorem Qualcomm Snapdragon 888, 256 GB pamięci wewnętrznej, Android 12, niebieski.',
        'Vivo X70 Pro+', 'Vivo', 'image98.jpg', 3499.00, 1, true),
       (99, 'Sony Xperia 5 III',
        'Sony Xperia 5 III z 6.1" OLED 21:9, chipem Qualcomm Snapdragon 888, 128 GB pamięci wewnętrznej, Android 11, czarny.',
        'Sony Xperia 5 III', 'Sony', 'image99.jpg', 3799.00, 1, true),
       (100, 'Realme GT Neo 2',
        'Realme GT Neo 2 z 6.62" AMOLED, procesorem Qualcomm Snapdragon 870, 256 GB pamięci wewnętrznej, Android 11, biały.',
        'Realme GT Neo 2', 'Realme', 'image100.jpg', 2299.00, 1, true),

       -- Podkategoria "Karty graficzne"

       (101, 'NVIDIA GeForce RTX 3080 Ti',
        'NVIDIA GeForce RTX 3080 Ti z 12 GB pamięci GDDR6X, 384-bitowy interfejs, Boost Clock 1665 MHz, PCI Express 4.0.',
        'NVIDIA GeForce RTX 3080 Ti', 'NVIDIA', 'image101.jpg', 7599.00, 1, true),
       (102, 'AMD Radeon RX 6900 XT',
        'AMD Radeon RX 6900 XT z 16 GB pamięci GDDR6, 2560-bitowy interfejs, Boost Clock 2250 MHz, PCI Express 4.0.',
        'AMD Radeon RX 6900 XT', 'AMD', 'image102.jpg', 6899.00, 1, true),
       (103, 'MSI GeForce RTX 3070 Gaming X Trio',
        'MSI GeForce RTX 3070 Gaming X Trio z 8 GB pamięci GDDR6, 256-bitowy interfejs, Boost Clock 1830 MHz, PCI Express 4.0.',
        'MSI GeForce RTX 3070 Gaming X Trio', 'MSI', 'image103.jpg', 4499.00, 1, true),
       (104, 'Gigabyte GeForce RTX 3060 Ti Eagle OC',
        'Gigabyte GeForce RTX 3060 Ti Eagle OC z 8 GB pamięci GDDR6, 256-bitowy interfejs, Boost Clock 1770 MHz, PCI Express 4.0.',
        'Gigabyte GeForce RTX 3060 Ti Eagle OC', 'Gigabyte', 'image104.jpg', 2999.00, 1, true),
       (105, 'ASUS ROG Strix GeForce RTX 3090',
        'ASUS ROG Strix GeForce RTX 3090 z 24 GB pamięci GDDR6X, 384-bitowy interfejs, Boost Clock 1890 MHz, PCI Express 4.0.',
        'ASUS ROG Strix GeForce RTX 3090', 'ASUS', 'image105.jpg', 9999.00, 1, true),
       (106, 'EVGA GeForce RTX 3060 XC Gaming',
        'EVGA GeForce RTX 3060 XC Gaming z 12 GB pamięci GDDR6, 192-bitowy interfejs, Boost Clock 1882 MHz, PCI Express 4.0.',
        'EVGA GeForce RTX 3060 XC Gaming', 'EVGA', 'image106.jpg', 2899.00, 1, true),
       (107, 'ZOTAC GAMING GeForce GTX 1660 SUPER Twin Fan',
        'ZOTAC GAMING GeForce GTX 1660 SUPER Twin Fan z 6 GB pamięci GDDR6, 192-bitowy interfejs, Boost Clock 1785 MHz, PCI Express 3.0.',
        'ZOTAC GAMING GeForce GTX 1660 SUPER Twin Fan', 'ZOTAC', 'image107.jpg', 1799.00, 1, true),
       (108, 'PowerColor Radeon RX 6700 XT Red Devil',
        'PowerColor Radeon RX 6700 XT Red Devil z 12 GB pamięci GDDR6, 192-bitowy interfejs, Boost Clock 2622 MHz, PCI Express 4.0.',
        'PowerColor Radeon RX 6700 XT Red Devil', 'PowerColor', 'image108.jpg', 3999.00, 1, true),
       (109, 'Sapphire PULSE Radeon RX 6600 XT',
        'Sapphire PULSE Radeon RX 6600 XT z 8 GB pamięci GDDR6, 128-bitowy interfejs, Boost Clock 2589 MHz, PCI Express 4.0.',
        'Sapphire PULSE Radeon RX 6600 XT', 'Sapphire', 'image109.jpg', 2499.00, 1, true),
       (110, 'Palit GeForce RTX 3050 StormX OC',
        'Palit GeForce RTX 3050 StormX OC z 8 GB pamięci GDDR6, 128-bitowy interfejs, Boost Clock 1822 MHz, PCI Express 4.0.',
        'Palit GeForce RTX 3050 StormX OC', 'Palit', 'image110.jpg', 1699.00, 1, true),
       (111, 'Gigabyte AORUS GeForce RTX 3080 Ti Xtreme Waterforce WB',
        'Gigabyte AORUS GeForce RTX 3080 Ti Xtreme Waterforce WB z 12 GB pamięci GDDR6X, 384-bitowy interfejs, Boost Clock 1845 MHz, PCI Express 4.0.',
        'Gigabyte AORUS GeForce RTX 3080 Ti Xtreme Waterforce WB', 'Gigabyte', 'image111.jpg', 8799.00, 1, true),
       (112, 'ASRock Radeon RX 6700 XT Challenger Pro',
        'ASRock Radeon RX 6700 XT Challenger Pro z 12 GB pamięci GDDR6, 192-bitowy interfejs, Boost Clock 2610 MHz, PCI Express 4.0.',
        'ASRock Radeon RX 6700 XT Challenger Pro', 'ASRock', 'image112.jpg', 3599.00, 1, true),
       (113, 'Colorful iGame GeForce RTX 3060 Ti Vulcan OC',
        'Colorful iGame GeForce RTX 3060 Ti Vulcan OC z 8 GB pamięci GDDR6, 256-bitowy interfejs, Boost Clock 1860 MHz, PCI Express 4.0.',
        'Colorful iGame GeForce RTX 3060 Ti Vulcan OC', 'Colorful', 'image113.jpg', 3099.00, 1, true),
       (114, 'Inno3D GeForce RTX 3070 Ti X3 OC',
        'Inno3D GeForce RTX 3070 Ti X3 OC z 8 GB pamięci GDDR6X, 256-bitowy interfejs, Boost Clock 1845 MHz, PCI Express 4.0.',
        'Inno3D GeForce RTX 3070 Ti X3 OC', 'Inno3D', 'image114.jpg', 4399.00, 1, true),
       (115, 'Gainward GeForce GTX 1650 Ghost OC',
        'Gainward GeForce GTX 1650 Ghost OC z 4 GB pamięci GDDR5, 128-bitowy interfejs, Boost Clock 1725 MHz, PCI Express 3.0.',
        'Gainward GeForce GTX 1650 Ghost OC', 'Gainward', 'image115.jpg', 999.00, 1, true),
       (116, 'XFX Speedster SWFT 210 Radeon RX 6700 XT',
        'XFX Speedster SWFT 210 Radeon RX 6700 XT z 12 GB pamięci GDDR6, 192-bitowy interfejs, Boost Clock 2622 MHz, PCI Express 4.0.',
        'XFX Speedster SWFT 210 Radeon RX 6700 XT', 'XFX', 'image116.jpg', 3299.00, 1, true),
       (117, 'PNY GeForce RTX 3090 XLR8 Gaming EPIC-X RGB',
        'PNY GeForce RTX 3090 XLR8 Gaming EPIC-X RGB z 24 GB pamięci GDDR6X, 384-bitowy interfejs, Boost Clock 1695 MHz, PCI Express 4.0.',
        'PNY GeForce RTX 3090 XLR8 Gaming EPIC-X RGB', 'PNY', 'image117.jpg', 9399.00, 1, true),
       (118, 'GALAX GeForce GTX 1660 Super EX White',
        'GALAX GeForce GTX 1660 Super EX White z 6 GB pamięci GDDR6, 192-bitowy interfejs, Boost Clock 1815 MHz, PCI Express 3.0.',
        'GALAX GeForce GTX 1660 Super EX White', 'GALAX', 'image118.jpg', 1799.00, 1, true),
       (119, 'ZOTAC GAMING GeForce RTX 3080 Trinity',
        'ZOTAC GAMING GeForce RTX 3080 Trinity z 10 GB pamięci GDDR6X, 320-bitowy interfejs, Boost Clock 1710 MHz, PCI Express 4.0.',
        'ZOTAC GAMING GeForce RTX 3080 Trinity', 'ZOTAC', 'image119.jpg', 6999.00, 1, true),
       (120, 'ASUS TUF Gaming GeForce GTX 1650 SUPER OC',
        'ASUS TUF Gaming GeForce GTX 1650 SUPER OC z 4 GB pamięci GDDR6, 128-bitowy interfejs, Boost Clock 1800 MHz, PCI Express 3.0.',
        'ASUS TUF Gaming GeForce GTX 1650 SUPER OC', 'ASUS', 'image120.jpg', 1399.00, 1, true),

       -- Podkategoria "Monitory"

       (121, 'Samsung Odyssey G7 C32G75TQSR',
        'Samsung Odyssey G7 C32G75TQSR z 32" QLED, rozdzielczość 2560x1440, czas reakcji 1 ms, częstotliwość odświeżania 240 Hz, HDR1000.',
        'Samsung Odyssey G7 C32G75TQSR', 'Samsung', 'image121.jpg', 3699.00, 1, true),
       (122, 'Dell Alienware AW3423DW',
        'Dell Alienware AW3423DW z 34" IPS, rozdzielczość 3440x1440, czas reakcji 2 ms, częstotliwość odświeżania 175 Hz, NVIDIA G-Sync Ultimate.',
        'Dell Alienware AW3423DW', 'Dell', 'image122.jpg', 5799.00, 1, true),
       (123, 'LG UltraGear 27GN950-B',
        'LG UltraGear 27GN950-B z 27" Nano IPS, rozdzielczość 3840x2160, czas reakcji 1 ms, częstotliwość odświeżania 144 Hz, NVIDIA G-Sync.',
        'LG UltraGear 27GN950-B', 'LG', 'image123.jpg', 4599.00, 1, true),
       (124, 'ASUS ROG Swift PG279QM',
        'ASUS ROG Swift PG279QM z 27" IPS, rozdzielczość 2560x1440, czas reakcji 1 ms, częstotliwość odświeżania 240 Hz, NVIDIA G-Sync.',
        'ASUS ROG Swift PG279QM', 'ASUS', 'image124.jpg', 3199.00, 1, true),
       (125, 'Acer Predator X34 GS',
        'Acer Predator X34 GS z 34" IPS, rozdzielczość 3440x1440, czas reakcji 1 ms, częstotliwość odświeżania 180 Hz, NVIDIA G-Sync.',
        'Acer Predator X34 GS', 'Acer', 'image125.jpg', 4299.00, 1, true),
       (126, 'BenQ EX2780Q',
        'BenQ EX2780Q z 27" IPS, rozdzielczość 2560x1440, czas reakcji 5 ms, częstotliwość odświeżania 144 Hz, HDRi.',
        'BenQ EX2780Q', 'BenQ', 'image126.jpg', 1999.00, 1, true),
       (127, 'HP Omen X 27',
        'HP Omen X 27 z 27" TN, rozdzielczość 2560x1440, czas reakcji 1 ms, częstotliwość odświeżania 240 Hz, AMD FreeSync 2.',
        'HP Omen X 27', 'HP', 'image127.jpg', 2799.00, 1, true),
       (128, 'MSI Optix MAG274QRF-QD',
        'MSI Optix MAG274QRF-QD z 27" IPS, rozdzielczość 2560x1440, czas reakcji 1 ms, częstotliwość odświeżania 165 Hz, HDR400.',
        'MSI Optix MAG274QRF-QD', 'MSI', 'image128.jpg', 2699.00, 1, true),
       (129, 'ViewSonic Elite XG270QG',
        'ViewSonic Elite XG270QG z 27" IPS, rozdzielczość 2560x1440, czas reakcji 1 ms, częstotliwość odświeżania 165 Hz, NVIDIA G-Sync.',
        'ViewSonic Elite XG270QG', 'ViewSonic', 'image129.jpg', 2999.00, 1, true),
       (130, 'Philips 272E1GAJ',
        'Philips 272E1GAJ z 27" VA, rozdzielczość 1920x1080, czas reakcji 4 ms, częstotliwość odświeżania 144 Hz, AMD FreeSync.',
        'Philips 272E1GAJ', 'Philips', 'image130.jpg', 1199.00, 1, true),
       (131, 'LG 27GL850-B',
        'LG 27GL850-B z 27" IPS, rozdzielczość 2560x1440, czas reakcji 1 ms, częstotliwość odświeżania 144 Hz, AMD FreeSync.',
        'LG 27GL850-B', 'LG', 'image131.jpg', 2499.00, 1, true),
       (132, 'AOC Agon AG353UCG',
        'AOC Agon AG353UCG z 35" VA, rozdzielczość 3440x1440, czas reakcji 2 ms, częstotliwość odświeżania 200 Hz, NVIDIA G-Sync Ultimate.',
        'AOC Agon AG353UCG', 'AOC', 'image132.jpg', 8999.00, 1, true),
       (133, 'Gigabyte AORUS FI32Q',
        'Gigabyte AORUS FI32Q z 32" IPS, rozdzielczość 2560x1440, czas reakcji 1 ms, częstotliwość odświeżania 170 Hz, AMD FreeSync Premium Pro.',
        'Gigabyte AORUS FI32Q', 'Gigabyte', 'image133.jpg', 3299.00, 1, true),
       (134, 'Dell S2721DGF',
        'Dell S2721DGF z 27" IPS, rozdzielczość 2560x1440, czas reakcji 1 ms, częstotliwość odświeżania 165 Hz, AMD FreeSync Premium.',
        'Dell S2721DGF', 'Dell', 'image134.jpg', 1799.00, 1, true),
       (135, 'ASUS TUF Gaming VG27AQ',
        'ASUS TUF Gaming VG27AQ z 27" IPS, rozdzielczość 2560x1440, czas reakcji 1 ms, częstotliwość odświeżania 165 Hz, AMD FreeSync.',
        'ASUS TUF Gaming VG27AQ', 'ASUS', 'image135.jpg', 2299.00, 1, true),
       (136, 'HP EliteDisplay E273d',
        'HP EliteDisplay E273d z 27" IPS, rozdzielczość 1920x1080, czas reakcji 5 ms, częstotliwość odświeżania 60 Hz, zintegrowana kamera.',
        'HP EliteDisplay E273d', 'HP', 'image136.jpg', 1499.00, 1, true),
       (137, 'MSI Optix MAG274R',
        'MSI Optix MAG274R z 27" IPS, rozdzielczość 1920x1080, czas reakcji 1 ms, częstotliwość odświeżania 165 Hz, AMD FreeSync Premium.',
        'MSI Optix MAG274R', 'MSI', 'image137.jpg', 1599.00, 1, true),
       (138, 'Samsung Odyssey G9 LC49G95TSSRXEN',
        'Samsung Odyssey G9 LC49G95TSSRXEN z 49" QLED, rozdzielczość 5120x1440, czas reakcji 1 ms, częstotliwość odświeżania 240 Hz, HDR1000.',
        'Samsung Odyssey G9 LC49G95TSSRXEN', 'Samsung', 'image138.jpg', 8999.00, 1, true),
       (139, 'Philips 272B1G',
        'Philips 272B1G z 27" IPS, rozdzielczość 1920x1080, czas reakcji 4 ms, częstotliwość odświeżania 75 Hz, AMD FreeSync.',
        'Philips 272B1G', 'Philips', 'image139.jpg', 999.00, 1, true),
       (140, 'ViewSonic VX2718-P-MHD',
        'ViewSonic VX2718-P-MHD z 27" IPS, rozdzielczość 1920x1080, czas reakcji 1 ms, częstotliwość odświeżania 165 Hz, AMD FreeSync Premium.',
        'ViewSonic VX2718-P-MHD', 'ViewSonic', 'image140.jpg', 1099.00, 1, true);

INSERT INTO public.category (id, parent_id, title, description, meta_title, meta_description, meta_keywords, slug)
VALUES (1, NULL, 'Laptopy i komputery', 'Laptopy, komputery stacjonarne i akcesoria', 'Laptopy, Komputery',
        'Kategoria Laptopy i Komputery', 'Laptopy, Komputery', 'Laptopy-i-komputery'),
       (2, NULL, 'Smartfony i smartwatche', 'Najlepsze smartfony i smartwatche dla każdego', 'Smartfony, Smartwatche',
        'Kategoria Smartfony i Smartwatche', 'Smartfony, Smartwatche', 'Smartfony-i-smartwatche'),
       (3, NULL, 'Podzespoły komputerowe', 'Szeroki wybór podzespołów do Twojego komputera', 'Podzespoły komputerowe',
        'Kategoria Podzespoły komputerowe', 'Podzespoły komputerowe', 'Podzespoly-komputerowe'),
       (4, NULL, 'Gaming i streaming', 'Sprzęt i akcesoria dla graczy oraz streamerów', 'Gaming, Streaming',
        'Kategoria Gaming i Streaming', 'Gaming, Streaming', 'Gaming-i-streaming'),
       (5, NULL, 'Urządzenia peryferyjne',
        'Urządzenia peryferyjne do komputerów, takie jak klawiatury, myszy, drukarki i inne', 'Urządzenia peryferyjne',
        'Kategoria Urządzenia peryferyjne', 'Urządzenia peryferyjne', 'Urzadzenia-peryferyjne'),

       -- Podkategoria "Laptopy i komputery"

       (9, 1, 'Laptopy/Notebooki/Ultrabooki',
        'Laptopy biurowe, dotykowe oraz dla graczy, każdy znajdzie coś dla siebie', 'Laptopy, Notebooki, Ultrabooki',
        'Kategoria Laptopy',
        'Laptopy, Notebooki, Ultrabooki', 'Laptopy'),
       (10, 1, 'Laptopy 2 w 1', 'Wszechstronne laptopy 2 w 1, idealne do pracy i zabawy', 'Laptopy 2 w 1',
        'Kategoria Laptopy 2 w 1', 'Laptopy 2 w 1', 'Laptopy-2-w-1'),
       (11, 1, 'Laptopy biznesowe', 'Wydajne i niezawodne laptopy dla biznesu', 'Laptopy biznesowe',
        'Kategoria Laptopy biznesowe', 'Laptopy biznesowe', 'Laptopy-biznesowe'),
       (12, 1, 'Komputery stacjonarne', 'Komputery stacjonarne do biura i domu', 'Komputery stacjonarne',
        'Kategoria Komputery stacjonarne', 'Komputery stacjonarne', 'Komputery-stacjonarne'),
       (13, 1, 'Komputery G4M3R', 'Najlepsze komputery dla graczy', 'Komputery G4M3R', 'Kategoria Komputery G4M3R',
        'Komputery G4M3R', 'Komputery-G4M3R'),
       (14, 1, 'Tablety', 'Wydajne i wszechstronne tablety do pracy i rozrywki', 'Tablety', 'Kategoria Tablety',
        'Tablety', 'Tablety'),
       (15, 1, 'Serwery i storage', 'Profesjonalne rozwiązania serwerowe i pamięci masowej', 'Serwery, Storage',
        'Kategoria Serwery i Storage', 'Serwery, Storage', 'Serwery-i-storage'),
       (16, 1, 'Programy', 'Oprogramowanie do różnych zastosowań', 'Programy', 'Kategoria Programy', 'Programy',
        'Programy'),
       (17, 1, 'Akcesoria komputerowe', 'Wszelkiego rodzaju akcesoria do komputerów', 'Akcesoria komputerowe',
        'Kategoria Akcesoria komputerowe', 'Akcesoria komputerowe', 'Akcesoria-komputerowe'),
       (18, 1, 'Akcesoria do laptopów', 'Akcesoria do laptopów, takie jak torby, etui, stacje dokujące',
        'Akcesoria do laptopów', 'Kategoria Akcesoria do laptopów', 'Akcesoria do laptopów', 'Akcesoria-do-laptopow'),
       (19, 1, 'Torby i etui', 'Stylowe i funkcjonalne torby oraz etui do laptopów', 'Torby, Etui do laptopów',
        'Kategoria Torby i Etui do laptopów', 'Torby, Etui do laptopów', 'Torby-i-etui'),
       (20, 1, 'Stacje dokujące do laptopów', 'Wygodne i wydajne stacje dokujące do laptopów',
        'Stacje dokujące do laptopów', 'Kategoria Stacje dokujące do laptopów', 'Stacje dokujące do laptopów',
        'Stacje-dokujace-do-laptopow'),

       -- Podkategoria "Smartfony i smartwatche"

       (21, 2, 'Smartfony i telefony', 'Nowoczesne smartfony i telefony dla każdego', 'Smartfony, Telefony',
        'Kategoria Smartfony i Telefony', 'Smartfony, Telefony', 'Smartfony-i-telefony'),
       (22, 2, 'Tablety', 'Wydajne i wszechstronne tablety do pracy i rozrywki', 'Tablety', 'Kategoria Tablety',
        'Tablety', 'Tablety'),
       (23, 2, 'Inteligentne zegarki', 'Inteligentne zegarki dla aktywnych i nowoczesnych użytkowników',
        'Inteligentne zegarki', 'Kategoria Inteligentne zegarki', 'Inteligentne zegarki', 'Inteligentne-zegarki'),
       (24, 2, 'Czytniki ebook', 'Czytniki ebook dla miłośników książek w cyfrowej formie', 'Czytniki ebook',
        'Kategoria Czytniki ebook', 'Czytniki ebook', 'Czytniki-ebook'),
       (25, 2, 'Ochrona na telefon', 'Ochronne etui i szkła na telefony', 'Ochrona na telefon',
        'Kategoria Ochrona na telefon', 'Ochrona na telefon', 'Ochrona-na-telefon'),
       (26, 2, 'Ładowarki i powerbanki', 'Ładowarki i powerbanki do urządzeń mobilnych', 'Ładowarki, Powerbanki',
        'Kategoria Ładowarki i Powerbanki', 'Ładowarki, Powerbanki', 'Ladowarki-i-powerbanki'),
       (27, 2, 'Karty pamięci microSD', 'Wysokiej jakości karty pamięci microSD do urządzeń mobilnych',
        'Karty pamięci microSD', 'Kategoria Karty pamięci microSD', 'Karty pamięci microSD', 'Karty-pamieci-microSD'),
       (28, 2, 'Słuchawki True Wireless', 'Bezprzewodowe słuchawki True Wireless', 'Słuchawki True Wireless',
        'Kategoria Słuchawki True Wireless', 'Słuchawki True Wireless', 'Sluchawki-True-Wireless'),
       (29, 2, 'Akcesoria GSM', 'Akcesoria GSM do telefonów i smartfonów', 'Akcesoria GSM', 'Kategoria Akcesoria GSM',
        'Akcesoria GSM', 'Akcesoria-GSM'),
       (30, 2, 'Akcesoria do tabletów', 'Wszelkiego rodzaju akcesoria do tabletów', 'Akcesoria do tabletów',
        'Kategoria Akcesoria do tabletów', 'Akcesoria do tabletów', 'Akcesoria-do-tabletow'),
       (31, 2, 'Pamięci flash', 'Pamięci flash do przechowywania danych', 'Pamięci flash', 'Kategoria Pamięci flash',
        'Pamięci flash', 'Pamieci-flash'),

       -- Podkategoria "Podzespoły komputerowe"

       (32, 3, 'Polecane zestawy komputerowe', 'Wybierz najlepsze zestawy komputerowe polecane przez ekspertów',
        'Polecane zestawy komputerowe', 'Kategoria Polecane zestawy komputerowe', 'Polecane zestawy komputerowe',
        'Polecane-zestawy-komputerowe'),
       (33, 3, 'Dyski twarde HDD i SSD', 'Szeroki wybór dysków twardych HDD i SSD', 'Dyski twarde, HDD, SSD',
        'Kategoria Dyski twarde HDD i SSD', 'Dyski twarde, HDD, SSD', 'Dyski-twarde-HDD-i-SSD'),
       (34, 3, 'Karty graficzne', 'Wydajne karty graficzne do Twojego komputera', 'Karty graficzne',
        'Kategoria Karty graficzne', 'Karty graficzne', 'Karty-graficzne'),
       (35, 3, 'Procesory', 'Najlepsze procesory do komputerów stacjonarnych i laptopów', 'Procesory',
        'Kategoria Procesory', 'Procesory', 'Procesory'),
       (36, 3, 'Płyty główne', 'Płyty główne do komputerów o różnych formatach i funkcjach', 'Płyty główne',
        'Kategoria Płyty główne', 'Płyty główne', 'Plyty-glowne'),
       (37, 3, 'Obudowy komputerowe', 'Obudowy komputerowe dla różnych konfiguracji sprzętowych', 'Obudowy komputerowe',
        'Kategoria Obudowy komputerowe', 'Obudowy komputerowe', 'Obudowy-komputerowe'),
       (38, 3, 'Pamięci RAM', 'Wydajne pamięci RAM do różnych zastosowań', 'Pamięci RAM', 'Kategoria Pamięci RAM',
        'Pamięci RAM', 'Pamieci-RAM'),
       (39, 3, 'Zasilacze komputerowe', 'Zasilacze komputerowe o różnych mocach i certyfikatach',
        'Zasilacze komputerowe', 'Kategoria Zasilacze komputerowe', 'Zasilacze komputerowe', 'Zasilacze-komputerowe'),
       (40, 3, 'Chłodzenia komputerowe', 'Systemy chłodzenia do komputerów, w tym wentylatory i chłodzenia wodne',
        'Chłodzenia komputerowe', 'Kategoria Chłodzenia komputerowe', 'Chłodzenia komputerowe',
        'Chlodzenia-komputerowe'),
       (41, 3, 'Karty dźwiękowe', 'Karty dźwiękowe dla lepszego dźwięku w komputerze', 'Karty dźwiękowe',
        'Kategoria Karty dźwiękowe', 'Karty dźwiękowe', 'Karty-dzwiekowe'),
       (42, 3, 'Modding PC', 'Akcesoria do moddingu PC dla unikalnego wyglądu Twojego komputera', 'Modding PC',
        'Kategoria Modding PC', 'Modding PC', 'Modding-PC'),
       (43, 3, 'Karty przechwytujące wideo', 'Karty do przechwytywania wideo na komputerze',
        'Karty przechwytujące wideo', 'Kategoria Karty przechwytujące wideo', 'Karty przechwytujące wideo',
        'Karty-przechwytujace-wideo'),
       (44, 3, 'Karty sieciowe', 'Karty sieciowe dla lepszego połączenia internetowego', 'Karty sieciowe',
        'Kategoria Karty sieciowe', 'Karty sieciowe', 'Karty-sieciowe'),
       (45, 3, 'Napędy optyczne', 'Napędy optyczne do odczytu i zapisu płyt CD, DVD i Blu-ray', 'Napędy optyczne',
        'Kategoria Napędy optyczne', 'Napędy optyczne', 'Napedy-optyczne'),
       (46, 3, 'Podzespoły serwerowe', 'Podzespoły serwerowe do budowy i modernizacji serwerów', 'Podzespoły serwerowe',
        'Kategoria Podzespoły serwerowe', 'Podzespoły serwerowe', 'Podzespoly-serwerowe'),
       (47, 3, 'Akcesoria do dysków', 'Akcesoria do dysków twardych i SSD', 'Akcesoria do dysków',
        'Kategoria Akcesoria do dysków', 'Akcesoria do dysków', 'Akcesoria-do-dyskow'),

       -- Podkategoria "Gaming i streaming"

       (48, 4, 'Laptopy do gier', 'Wydajne laptopy do gier dla graczy', 'Laptopy do gier', 'Kategoria Laptopy do gier',
        'Laptopy do gier', 'Laptopy-do-gier'),
       (49, 4, 'Komputery do gier', 'Najlepsze komputery do gier dla zaawansowanych graczy', 'Komputery do gier',
        'Kategoria Komputery do gier', 'Komputery do gier', 'Komputery-do-gier'),
       (50, 4, 'Podzespoły do gier', 'Podzespoły komputerowe zaprojektowane z myślą o grach', 'Podzespoły do gier',
        'Kategoria Podzespoły do gier', 'Podzespoły do gier', 'Podzespoly-do-gier'),
       (51, 4, 'Monitory dla graczy', 'Monitory z wysoką częstotliwością odświeżania i niskim czasem reakcji',
        'Monitory dla graczy', 'Kategoria Monitory dla graczy', 'Monitory dla graczy', 'Monitory-dla-graczy'),
       (52, 4, 'Konsole', 'Nowoczesne konsole do gier dla wszystkich graczy', 'Konsole do gier', 'Kategoria Konsole',
        'Konsole do gier', 'Konsole'),
       (53, 4, 'Myszki i klawiatury dla graczy', 'Profesjonalne myszki i klawiatury zaprojektowane dla graczy',
        'Myszki, Klawiatury dla graczy', 'Kategoria Myszki i klawiatury dla graczy', 'Myszki, Klawiatury dla graczy',
        'Myszki-i-klawiatury-dla-graczy'),
       (54, 4, 'Audio dla graczy', 'Słuchawki i głośniki dla graczy z doskonałą jakością dźwięku', 'Audio dla graczy',
        'Kategoria Audio dla graczy', 'Audio dla graczy', 'Audio-dla-graczy'),
       (55, 4, 'Meble gamingowe', 'Ergonomiczne meble dla graczy, w tym biurka i krzesła', 'Meble gamingowe',
        'Kategoria Meble gamingowe', 'Meble gamingowe', 'Meble-gamingowe'),
       (56, 4, 'Kontrolery do gier', 'Kontrolery do gier dla różnych platform i gatunków', 'Kontrolery do gier',
        'Kategoria Kontrolery do gier', 'Kontrolery do gier', 'Kontrolery-do-gier'),
       (57, 4, 'VR (Virtual Reality)', 'Sprzęt do wirtualnej rzeczywistości dla immersyjnych doświadczeń',
        'VR, Virtual Reality', 'Kategoria VR (Virtual Reality)', 'VR, Virtual Reality', 'VR-Virtual-Reality'),
       (58, 4, 'Fotele dla graczy', 'Komfortowe fotele dla graczy, zapewniające długotrwały komfort',
        'Fotele dla graczy', 'Kategoria Fotele dla graczy', 'Fotele dla graczy', 'Fotele-dla-graczy'),

       -- Podkategoria "Urządzenia peryferyjne"

       (59, 5, 'Monitory', 'Szeroki wybór monitorów do różnych zastosowań', 'Monitory', 'Kategoria Monitory',
        'Monitory', 'Monitory'),
       (60, 5, 'Drukarki', 'Różnorodne drukarki do użytku domowego i biurowego', 'Drukarki', 'Kategoria Drukarki',
        'Drukarki', 'Drukarki'),
       (61, 5, 'Drukarki ze skanerem', 'Drukarki ze skanerem do kompleksowych zadań biurowych', 'Drukarki ze skanerem',
        'Kategoria Drukarki ze skanerem', 'Drukarki ze skanerem', 'Drukarki-ze-skanerem'),
       (62, 5, 'Urządzenia sieciowe', 'Urządzenia sieciowe do budowy i rozbudowy sieci komputerowych',
        'Urządzenia sieciowe', 'Kategoria Urządzenia sieciowe', 'Urządzenia sieciowe', 'Urzadzenia-sieciowe'),
       (63, 5, 'Myszki', 'Myszki do komputerów stacjonarnych i laptopów', 'Myszki', 'Kategoria Myszki', 'Myszki',
        'Myszki'),
       (64, 5, 'Klawiatury', 'Klawiatury do komputerów o różnych funkcjach i designach', 'Klawiatury',
        'Kategoria Klawiatury', 'Klawiatury', 'Klawiatury'),
       (65, 5, 'Słuchawki', 'Słuchawki o doskonałej jakości dźwięku do różnych zastosowań', 'Słuchawki',
        'Kategoria Słuchawki', 'Słuchawki', 'Sluchawki'),
       (66, 5, 'Głośniki', 'Głośniki do komputerów, domów i biur', 'Głośniki', 'Kategoria Głośniki', 'Głośniki',
        'Glosniki'),
       (67, 5, 'Mikrofony i akcesoria', 'Mikrofony i akcesoria do nagrywania dźwięku', 'Mikrofony, Akcesoria',
        'Kategoria Mikrofony i Akcesoria', 'Mikrofony, Akcesoria', 'Mikrofony-i-akcesoria'),
       (68, 5, 'Tablety graficzne', 'Tablety graficzne dla artystów i projektantów', 'Tablety graficzne',
        'Kategoria Tablety graficzne', 'Tablety graficzne', 'Tablety-graficzne');


INSERT INTO public.attribute (id, name)
-- Kategoria "Laptopy"
VALUES (1, 'Procesor'),
       (2, 'Pamięć RAM'),
       (3, 'Maksymalna obsługiwana ilość pamięci RAM'),
       (4, 'Liczba gniazd pamięci (ogółem / wolne)'),
       (5, 'Dysk SSD M.2 PCIe'),
       (6, 'Dotykowy ekran'),
       (7, 'Typ ekranu'),
       (8, 'Przekątna ekranu'),
       (9, 'Jasność matrycy'),
       (10, 'Karta graficzna'),
       (11, 'Pamięć karty graficznej'),
       (12, 'Dźwięk'),
       (13, 'Kamera internetowa'),
       (14, 'Łączność'),
       (15, 'Złącza'),
       (16, 'Kolor dominujący'),
       (17, 'Czytnik linii papilarnych'),
       (18, 'Podświetlana klawiatura'),
       (19, 'Zabezpieczenia'),
       (20, 'System operacyjny'),
       (21, 'Dołączone oprogramowanie'),
       (22, 'Zasilacz'),
       (23, 'Dodatkowe informacje'),
       (24, 'Wysokość'),
       (25, 'Szerokość'),
       (26, 'Głębokość'),
       (27, 'Waga'),
       (28, 'Dołączone akcesoria'),
       (29, 'Rodzaj gwarancji'),
       (30, 'Gwarancja'),
       (31, 'Kod producenta'),
       (32, 'Kod produktu'),

       -- Kategoria "Programy"

       (33, 'Wersja'),
       (34, 'Skład pakietu'),
       (35, 'Zastosowanie'),
       (36, 'Wersja produktu'),
       (37, 'Typ licencji'),
       (38, 'Okres licencji'),
       (39, 'Wersja językowa'),
       (40, 'Liczba użytkowników'),
       (41, 'Typ nośnika'),
       (42, 'Platforma'),
       (43, 'Dodatkowe informacje'),

       -- Kategoria "Telefony komórkowe / tablety"

       (44, 'Pamięć wbudowana'),
       (45, 'Maks. pojemność karty pamięci'),
       (46, 'Częstotliwość odświeżania ekranu'),
       (47, 'Rozdzielczość ekranu'),
       (48, 'Zagęszczenie pikseli'),
       (49, 'Rozdzielczość aparatu - tył'),
       (50, 'Rozdzielczość aparatu - przód'),
       (51, 'Przysłona obiektywu'),
       (52, 'Dodatkowe cechy aparatu'),
       (53, 'Rozdzielczość nagrywania wideo'),
       (54, 'Czujniki'),
       (55, 'Ładowanie bezprzewodowe'),
       (56, 'Szybkie ładowanie'),
       (57, 'Obudowa'),
       (58, 'Odporności'),
       (59, 'Dual SIM'),
       (60, 'Pojemność baterii'),
       (61, 'Kolor'),

       -- Kategoria "Karty graficzne"

       (62, 'Seria karty graficznej'),
       (63, 'Obsługa Ray tracingu'),
       (64, 'Technika upscalingu'),
       (65, 'Układ graficzny'),
       (66, 'Rodzaj złącza'),
       (67, 'Pamięć'),
       (68, 'Rodzaj pamięci'),
       (69, 'Szyna pamięci'),
       (70, 'Taktowanie rdzenia w trybie boost'),
       (71, 'Rdzenie CUDA'),
       (72, 'Typ chłodzenia'),
       (73, 'Liczba wentylatorów'),
       (74, 'Podświetlenie'),
       (75, 'Rodzaje wyjść'),
       (76, 'Liczba obsługiwanych monitorów'),
       (77, 'Obsługiwane biblioteki'),
       (78, 'Złącze zasilania'),
       (79, 'Rekomendowana moc zasilacza'),
       (80, 'Pobór mocy'),
       (81, 'Liczba zajmowanych slotów'),

       -- Kategoria "Monitory"

       (82, 'Przeznaczenie produktu'),
       (83, 'Powłoka matrycy'),
       (84, 'Rodzaj matrycy'),
       (85, 'Monitor bezramkowy'),
       (86, 'Format obrazu'),
       (87, 'Odwzorowanie przestrzeni barw'),
       (88, 'Liczba wyświetlanych kolorów'),
       (89, 'HDR'),
       (90, 'Czas reakcji'),
       (91, 'Technologia synchronizacji'),
       (92, 'Technologia ochrony oczu'),
       (93, 'Kontrast statyczny'),
       (94, 'Kąt widzenia w poziomie'),
       (95, 'Kąt widzenia w pionie'),
       (96, 'Tuner TV'),
       (97, 'Głośniki'),
       (98, 'Moc głośników'),
       (99, 'Regulacja wysokości (Height)'),
       (100, 'Regulacja kąta pochylenia (Tilt)');

INSERT INTO public.product_category (product_id, category_id)
VALUES (1, 9),
       (2, 9),
       (3, 9),
       (4, 9),
       (5, 9),
       (6, 9),
       (7, 9),
       (8, 9),
       (9, 9),
       (10, 9),
       (11, 9),
       (12, 9),
       (13, 9),
       (14, 9),
       (15, 9),
       (16, 9),
       (17, 9),
       (18, 9),
       (19, 9),
       (20, 9),
       (21, 10),
       (22, 10),
       (23, 10),
       (24, 10),
       (25, 10),
       (26, 10),
       (27, 10),
       (28, 10),
       (29, 10),
       (30, 10),
       (31, 10),
       (32, 10),
       (33, 10),
       (34, 10),
       (35, 10),
       (36, 10),
       (37, 10),
       (38, 10),
       (39, 10),
       (40, 10),
       (41, 16),
       (42, 16),
       (43, 16),
       (44, 16),
       (45, 16),
       (46, 16),
       (47, 16),
       (48, 16),
       (49, 16),
       (50, 16),
       (51, 16),
       (52, 16),
       (53, 16),
       (54, 16),
       (55, 16),
       (56, 16),
       (57, 16),
       (58, 16),
       (59, 16),
       (60, 16),
       (61, 14),
       (62, 14),
       (63, 14),
       (64, 14),
       (65, 14),
       (66, 14),
       (67, 14),
       (68, 14),
       (69, 14),
       (70, 14),
       (71, 14),
       (72, 14),
       (73, 14),
       (74, 14),
       (75, 14),
       (76, 14),
       (77, 14),
       (78, 14),
       (79, 14),
       (80, 14),
       (81, 21),
       (82, 21),
       (83, 21),
       (84, 21),
       (85, 21),
       (86, 21),
       (87, 21),
       (88, 21),
       (89, 21),
       (90, 21),
       (91, 21),
       (92, 21),
       (93, 21),
       (94, 21),
       (95, 21),
       (96, 21),
       (97, 21),
       (98, 21),
       (99, 21),
       (100, 21),
       (101, 34),
       (102, 34),
       (103, 34),
       (104, 34),
       (105, 34),
       (106, 34),
       (107, 34),
       (108, 34),
       (109, 34),
       (110, 34),
       (111, 34),
       (112, 34),
       (113, 34),
       (114, 34),
       (115, 34),
       (116, 34),
       (117, 34),
       (118, 34),
       (119, 34),
       (120, 34),
       (121, 59),
       (122, 59),
       (123, 59),
       (124, 59),
       (125, 59),
       (126, 59),
       (127, 59),
       (128, 59),
       (129, 59),
       (130, 59),
       (131, 59),
       (132, 59),
       (133, 59),
       (134, 59),
       (135, 59),
       (136, 59),
       (137, 59),
       (138, 59),
       (139, 59),
       (140, 59);

INSERT INTO public.product_attribute (id, product_id, attribute_id, value)
VALUES (1, 1, 1, 'Intel Core i7-1165G7'),
       (2, 1, 2, '16 GB DDR4'),
       (3, 1, 3, '32 GB'),
       (4, 1, 4, '2 / 1'),
       (5, 1, 5, '512 GB SSD'),
       (6, 1, 6, 'Tak'),
       (7, 1, 7, 'IPS'),
       (8, 1, 8, '15.6 cali'),
       (9, 1, 9, '300 nitów'),
       (10, 1, 10, 'NVIDIA GeForce GTX 1650 Ti'),
       (11, 1, 11, '4 GB GDDR6'),
       (12, 1, 12, 'Dolby Audio'),
       (13, 1, 13, '720p HD'),
       (14, 1, 14, 'Wi-Fi 6, Bluetooth 5.0'),
       (15, 1, 15, 'USB-C, HDMI, USB 3.0'),
       (16, 1, 16, 'Srebrny'),
       (17, 1, 17, 'Tak'),
       (18, 1, 18, 'Tak'),
       (19, 1, 19, 'Czytnik linii papilarnych, TPM 2.0'),
       (20, 1, 20, 'Windows 10 Home'),
       (21, 1, 21, 'Office 365 Personal'),
       (22, 1, 22, '90 W'),
       (23, 1, 23, 'Model z 2021 roku'),
       (24, 1, 24, '19.9 mm'),
       (25, 1, 25, '356.2 mm'),
       (26, 1, 26, '251.5 mm'),
       (27, 1, 27, '2.1 kg'),
       (28, 1, 28, 'Torba do laptopa, myszka bezprzewodowa'),
       (29, 1, 29, 'Door-to-door'),
       (30, 1, 30, '2 lata'),
       (31, 1, 31, 'ABC12345'),
       (32, 1, 32, 'LAP-2023-001'),
       (33, 2, 1, 'AMD Ryzen 7 5800H'),
       (34, 2, 2, '32 GB DDR4'),
       (35, 2, 3, '64 GB'),
       (36, 2, 4, '4 / 3'),
       (37, 2, 5, '1 TB SSD + 1 TB HDD'),
       (38, 2, 6, 'Nie'),
       (39, 2, 7, 'IPS'),
       (40, 2, 8, '17.3 cali'),
       (41, 2, 9, '400 nitów'),
       (42, 2, 10, 'NVIDIA GeForce RTX 3080'),
       (43, 2, 11, '8 GB GDDR6'),
       (44, 2, 12, 'Dolby Atmos'),
       (45, 2, 13, '1080p Full HD'),
       (46, 2, 14, 'Wi-Fi 6E, Bluetooth 5.2'),
       (47, 2, 15, 'Thunderbolt 4, USB 3.2, HDMI 2.1'),
       (48, 2, 16, 'Czarny'),
       (49, 2, 17, 'Tak'),
       (50, 2, 18, 'Tak'),
       (51, 2, 19, 'Czytnik linii papilarnych, TPM 2.0'),
       (52, 2, 20, 'Windows 11 Pro'),
       (53, 2, 21, 'Microsoft 365 Family'),
       (54, 2, 22, '150 W'),
       (55, 2, 23, 'Model premium'),
       (56, 2, 24, '21.6 mm'),
       (57, 2, 25, '398.4 mm'),
       (58, 2, 26, '279.5 mm'),
       (59, 2, 27, '2.5 kg'),
       (60, 2, 28, 'Torba na laptopa, chłodzenie dla graczy'),
       (61, 2, 29, 'Door-to-door'),
       (62, 2, 30, '3 lata'),
       (63, 2, 31, 'XYZ98765'),
       (64, 2, 32, 'LAP-2023-002'),
       (65, 3, 1, 'Intel Core i5-1135G7'),
       (66, 3, 2, '8 GB DDR4'),
       (67, 3, 3, '32 GB'),
       (68, 3, 4, '2 / 0'),
       (69, 3, 5, '256 GB SSD'),
       (70, 3, 6, 'Nie'),
       (71, 3, 7, 'IPS'),
       (72, 3, 8, '14 cali'),
       (73, 3, 9, '250 nitów'),
       (74, 3, 10, 'Intel UHD Graphics'),
       (75, 3, 11, 'Wbudowana'),
       (76, 3, 12, 'Realtek Audio'),
       (77, 3, 13, '720p HD'),
       (78, 3, 14, 'Wi-Fi 5, Bluetooth 4.2'),
       (79, 3, 15, 'USB 3.1, HDMI, Ethernet'),
       (80, 3, 16, 'Srebrny'),
       (81, 3, 17, 'Nie'),
       (82, 3, 18, 'Tak'),
       (83, 3, 19, 'Brak'),
       (84, 3, 20, 'Windows 10 Pro'),
       (85, 3, 21, 'Office 365 Business'),
       (86, 3, 22, '65 W'),
       (87, 3, 23, 'Lekki i kompaktowy'),
       (88, 3, 24, '17.9 mm'),
       (89, 3, 25, '324 mm'),
       (90, 3, 26, '228 mm'),
       (91, 3, 27, '1.5 kg'),
       (92, 3, 28, 'Torba do laptopa, myszka'),
       (93, 3, 29, 'Standardowa'),
       (94, 3, 30, '1 rok'),
       (95, 3, 31, 'PQR56789'),
       (96, 3, 32, 'LAP-2023-003'),
       (97, 4, 1, 'AMD Ryzen 5 5600H'),
       (98, 4, 2, '16 GB DDR4'),
       (99, 4, 3, '64 GB'),
       (100, 4, 4, '4 / 2'),
       (101, 4, 5, '512 GB SSD + 1 TB HDD'),
       (102, 4, 6, 'Nie'),
       (103, 4, 7, 'IPS'),
       (104, 4, 8, '15.6 cali'),
       (105, 4, 9, '300 nitów'),
       (106, 4, 10, 'NVIDIA GeForce GTX 1660 Ti'),
       (107, 4, 11, '6 GB GDDR6'),
       (108, 4, 12, 'Dolby Audio'),
       (109, 4, 13, '1080p Full HD'),
       (110, 4, 14, 'Wi-Fi 6, Bluetooth 5.1'),
       (111, 4, 15, 'USB-C, HDMI, USB 3.0'),
       (112, 4, 16, 'Czarny'),
       (113, 4, 17, 'Nie'),
       (114, 4, 18, 'Tak'),
       (115, 4, 19, 'Czytnik linii papilarnych, TPM 2.0'),
       (116, 4, 20, 'Windows 11 Home'),
       (117, 4, 21, 'Microsoft 365 Personal'),
       (118, 4, 22, '90 W'),
       (119, 4, 23, 'Idealny do gier'),
       (120, 4, 24, '20.5 mm'),
       (121, 4, 25, '359 mm'),
       (122, 4, 26, '254 mm'),
       (123, 4, 27, '2.2 kg'),
       (124, 4, 28, 'Torba na laptopa, podkładka chłodząca'),
       (125, 4, 29, 'Premium'),
       (126, 4, 30, '2 lata'),
       (127, 4, 31, 'XYZ12345'),
       (128, 4, 32, 'LAP-2023-004'),
       (129, 5, 1, 'Intel Core i7-11800H'),
       (130, 5, 2, '32 GB DDR4'),
       (131, 5, 3, '128 GB'),
       (132, 5, 4, '2 / 1'),
       (133, 5, 5, '1 TB SSD'),
       (134, 5, 6, 'Tak'),
       (135, 5, 7, 'IPS'),
       (136, 5, 8, '15.6 cali'),
       (137, 5, 9, '350 nitów'),
       (138, 5, 10, 'NVIDIA GeForce RTX 3070'),
       (139, 5, 11, '8 GB GDDR6'),
       (140, 5, 12, 'THX Spatial Audio'),
       (141, 5, 13, '1080p Full HD'),
       (142, 5, 14, 'Wi-Fi 6E, Bluetooth 5.2'),
       (143, 5, 15, 'USB-C, HDMI, USB 3.1'),
       (144, 5, 16, 'Srebrny'),
       (145, 5, 17, 'Tak'),
       (146, 5, 18, 'Tak'),
       (147, 5, 19, 'Czytnik linii papilarnych, TPM 2.0'),
       (148, 5, 20, 'Windows 11 Pro'),
       (149, 5, 21, 'Microsoft 365 Family'),
       (150, 5, 22, '130 W'),
       (151, 5, 23, 'Profesjonalna seria'),
       (152, 5, 24, '18.2 mm'),
       (153, 5, 25, '358.8 mm'),
       (154, 5, 26, '251 mm'),
       (155, 5, 27, '2.3 kg'),
       (156, 5, 28, 'Torba na laptopa, myszka bezprzewodowa'),
       (157, 5, 29, 'Door-to-door'),
       (158, 5, 30, '3 lata'),
       (159, 5, 31, 'ABC54321'),
       (160, 5, 32, 'LAP-2023-005');

-- INSERT INTO public.discount (id, code, value, start_date, end_date, max_usage, min_purchase_amount)
-- VALUES (1, 'SUMMER20', 20, '2022-06-01', '2022-08-31', 500, 500),
--        (2, 'WINTER20', 15, '2022-12-01', '2023-02-28', 1000, 1000),
--        (3, 'BLACKFRIDAY', 30, '2022-11-25', '2022-11-25', 1, 0),
--        (4, 'NEWYEAR20', 10, '2022-01-01', '2022-01-03', 200, 200),
--        (5, 'VALENTINESDAY', 25, '2022-02-14', '2022-02-14', 500, 500);
--
-- INSERT INTO public.product_discount (product_id, discount_id)
-- VALUES (1, 1),
--        (2, 2),
--        (3, 3),
--        (4, 4),
--        (5, 5);

-- INSERT INTO public.user_details (id, first_name, last_name, address, phone_number)
-- VALUES (1, 'John', 'Doe', '123 Main St', '123-456-7890');
--
-- INSERT INTO public.user (username, password, email, role, user_details_id)
-- VALUES ('user1', '$2a$10$dXJ3SW6G7P50lGmMkknnYO.2KLEkBcIh4J74E4VyawoG9.UnUohN6', 'user1@example.com', 'USER', 1);
--
-- INSERT INTO public.order (id, user_id, total_amount, status, payment_status, payment_method, shipping_address,
--                           shipping_method, order_date, delivery_date)
-- VALUES (1, 2, 1000, 'COMPLETED', 'PAID', 'credit card', 'address', 'courier', '2022-01-01', null);
--
-- INSERT INTO public.order_item (order_id, product_id, price, discount_id, created_at, updated_at)
-- VALUES (1, 1, 100.00, 1, '2023-01-01', '2023-01-01'),
--        (1, 2, 50.00, 2, '2023-01-01', '2023-01-01'),
--        (1, 3, 25.00, null, '2023-01-01', '2023-01-01');
